{
  "info": {
    "_postman_id": "b1e7e2c0-2025-4c1a-8e7e-20250731abcd",
    "name": "TestApp API Collection",
    "schema": "https://schema.getpostman.com/json/collection/v2.1.0/collection.json"
  },
  "item": [
    {
      "name": "Get All Products",
      "request": {
        "method": "GET",
        "header": [
          { "key": "X-API-KEY", "value": "PRODUCT_API_KEY_2025", "type": "text" }
        ],
        "url": {
          "raw": "http://localhost:5000/api/products",
          "protocol": "http",
          "host": ["localhost"],
          "port": "5000",
          "path": ["api", "products"]
        }
      }
    },
    {
      "name": "Get Product By Id",
      "request": {
        "method": "GET",
        "header": [
          { "key": "X-API-KEY", "value": "PRODUCT_API_KEY_2025", "type": "text" }
        ],
        "url": {
          "raw": "http://localhost:5000/api/products/1",
          "protocol": "http",
          "host": ["localhost"],
          "port": "5000",
          "path": ["api", "products", "1"]
        }
      }
    },
    {
      "name": "Get Inventory By ProductId",
      "request": {
        "method": "GET",
        "header": [
          { "key": "X-API-KEY", "value": "INVENTORY_API_KEY_2025", "type": "text" }
        ],
        "url": {
          "raw": "http://localhost:5001/api/Inventory/1",
          "protocol": "http",
          "host": ["localhost"],
          "port": "5001",
          "path": ["api", "Inventory", "1"]
        }
      }
    },
    {
      "name": "Update Inventory",
      "request": {
        "method": "PUT",
        "header": [
          { "key": "X-API-KEY", "value": "INVENTORY_API_KEY_2025", "type": "text" },
          { "key": "Content-Type", "value": "application/json", "type": "text" }
        ],
        "url": {
          "raw": "http://localhost:5001/api/Inventory/1",
          "protocol": "http",
          "host": ["localhost"],
          "port": "5001",
          "path": ["api", "Inventory", "1"]
        },
        "body": {
          "mode": "raw",
          "raw": "{\n  \"id\": 1,\n  \"productId\": 1,\n  \"quantity\": 10\n}"
        }
      }
    }
  ]
}
